presion,temperatura,humedad,PM25,PM10,CO,CH4,CO2,O3
750,20.86,53,4.2,4.2,152.3,32.9,581.0,9.8
743,23.14,50,1.6,1.7,140.4,36.5,420.0,8.6
743,24.94,53,1.5,1.7,184.9,26.7,1724.0,10.1
743,24.79,54,1.4,1.4,195.4,25.9,1899.0,10.2
743,24.18,56,3.3,3.3,161.3,29.9,1002.0,9.6
743,24.55,55,3.5,3.5,161.0,29.7,884.0,9.5
743,24.39,55,2.1,2.1,159.5,29.9,774.0,9.4
743,24.21,55,5.3,5.7,158.3,29.9,588.0,9.3
743,24.35,55,4.8,5.0,159.5,29.9,647.0,9.3
743,23.39,53,4.9,5.0,147.5,32.5,327.0,9.0
743,23.66,53,3.8,3.9,148.6,31.7,336.0,9.0
743,23.77,53,4.1,4.2,151.3,31.1,409.0,9.1
743,23.98,53,3.3,3.3,154.2,30.7,429.0,9.1
743,24.00,54,3.5,3.5,165.6,29.3,424.0,9.4
743,23.94,54,10.4,10.4,160.1,29.7,409.0,9.2
743,23.80,54,28.2,28.3,160.4,29.5,451.0,9.3
743,23.57,55,20.3,20.5,170.4,28.9,430.0,9.5
743,22.69,55,18.2,18.3,150.5,31.6,322.0,9.0
744,22.23,55,17.4,17.6,146.8,32.3,325.0,8.8
744,22.32,55,16.0,16.1,148.2,31.7,330.0,8.9
744,23.54,55,13.2,13.3,185.9,26.9,536.0,9.7
744,23.66,56,9.3,9.3,201.7,25.7,676.0,10.0
744,23.66,56,8.1,8.2,214.0,24.8,819.0,10.2
745,23.70,57,7.9,8.0,233.8,23.5,911.0,10.5
745,23.74,57,6.4,6.5,241.8,23.1,984.0,10.6
745,23.64,55,7.0,7.0,272.8,21.7,836.0,11.0
745,23.57,57,6.0,6.0,249.9,22.9,1031.0,10.7
745,23.51,58,5.8,5.8,249.1,22.9,1080.0,10.7
745,23.51,58,4.9,4.9,248.1,23.0,1139.0,10.7
745,23.45,58,4.6,4.7,253.3,22.6,1174.0,10.7
746,23.41,58,3.7,3.7,267.1,22.1,1209.0,10.9
745,23.39,58,3.2,3.2,264.6,22.1,1202.0,10.9
746,23.34,57,2.7,2.7,270.2,21.9,1203.0,10.9
756,19.88,53,108.6,109.3,150.7,37.6,354.0,9.3
756,20.49,50,4.6,4.6,145.5,38.0,337.0,9.0
756,20.30,51,11.1,11.2,142.9,38.1,319.0,8.8
756,20.41,51,2.0,2.0,140.6,36.8,314.0,8.6
756,20.56,51,4.9,5.2,148.4,36.6,307.0,9.0
756,21.45,47,8.9,9.0,151.2,36.6,337.0,9.0
756,21.27,47,12.5,12.8,133.7,39.4,313.0,8.3
756,22.56,45,9.9,10.0,163.5,35.6,335.0,10.0
756,21.95,47,2.1,2.2,146.4,35.6,304.0,8.9
756,21.76,47,3.2,3.2,153.9,33.5,373.0,9.0
756,21.92,46,4.6,4.7,142.9,37.5,336.0,8.7
756,22.04,46,3.8,3.8,136.4,38.4,335.0,8.4
756,21.87,45,6.9,7.0,155.9,33.9,459.0,9.1
755,22.90,44,1.7,1.7,148.5,37.5,308.0,8.9
755,23.91,41,18.6,18.7,182.0,30.9,341.0,10.0
755,22.82,43,1.8,1.8,142.4,37.6,318.0,8.7
755,23.08,43,3.1,3.1,159.5,35.7,334.0,8.9
755,22.94,42,2.5,2.5,153.6,34.5,319.0,8.7
755,22.39,42,4.7,4.7,138.6,38.7,307.0,8.3
755,22.77,42,6.7,6.7,139.4,38.1,313.0,8.4
755,22.53,42,4.6,4.6,139.3,37.3,329.0,8.4
755,22.04,45,4.5,4.5,137.4,37.6,271.0,8.2
755,21.50,47,4.4,4.5,137.1,37.2,305.0,8.2
754,21.26,47,4.2,4.2,139.5,37.4,263.0,8.4
754,21.36,48,3.6,3.6,134.2,37.7,318.0,8.2
754,21.51,46,16.0,16.1,141.3,36.8,326.0,8.4
754,21.65,44,3.1,3.2,150.3,37.3,324.0,8.9
754,21.37,44,15.1,15.2,146.4,36.3,326.0,8.6
754,21.21,44,3.5,3.5,133.8,38.7,341.0,8.1
754,21.02,46,11.9,12.0,140.1,37.6,333.0,8.6
754,21.55,46,6.3,6.3,180.5,32.4,345.0,9.8
754,21.32,46,5.9,6.0,166.2,33.6,353.0,9.4
754,20.36,47,6.8,6.8,157.4,35.1,326.0,9.3
754,19.58,52,4.4,4.4,163.5,32.4,336.0,9.0
754,19.60,54,5.4,5.4,177.3,30.9,333.0,9.4
754,19.02,51,10.0,10.0,140.3,37.7,314.0,8.2
754,19.18,50,40.9,41.2,164.9,33.5,330.0,9.1
754,19.11,50,21.8,22.2,153.1,34.6,332.0,8.8
754,18.67,52,9.8,9.9,155.8,34.0,335.0,8.7
754,18.65,53,4.8,4.8,161.5,33.7,332.0,8.9
754,18.22,53,3.8,3.9,166.3,33.5,320.0,9.2
754,17.94,54,16.1,16.2,136.3,37.1,308.0,8.1
754,17.94,53,9.9,10.0,160.1,34.6,324.0,9.0
755,17.70,53,4.1,4.1,156.3,34.8,342.0,8.8
755,17.66,54,10.2,10.3,138.6,37.5,325.0,8.1
755,17.40,54,8.4,8.5,143.9,36.7,312.0,8.5
755,17.17,54,9.9,9.9,138.1,38.0,312.0,8.1
755,17.10,53,2.0,2.1,131.6,39.2,311.0,8.1
756,16.84,55,9.0,9.0,141.5,37.6,311.0,8.3
756,16.82,55,16.9,17.1,149.7,36.6,314.0,8.6
756,16.45,56,34.8,35.0,142.8,37.8,318.0,8.3
756,16.31,56,5.3,5.3,149.9,37.2,319.0,8.6
756,16.14,56,5.4,5.4,177.1,34.4,321.0,9.5
756,15.71,58,6.4,6.4,130.1,39.8,323.0,7.8
756,15.62,58,5.5,5.6,126.2,41.0,309.0,7.7
756,15.60,58,3.6,3.7,135.7,38.6,319.0,8.0
756,15.75,57,2.7,2.7,126.0,40.9,317.0,7.6
756,15.89,56,3.1,3.1,126.3,40.9,310.0,7.6
756,16.43,55,0.4,0.4,130.1,39.4,305.0,7.7
756,16.51,55,0.8,0.8,124.1,39.3,304.0,7.5
756,16.33,55,0.5,0.5,123.7,40.6,301.0,7.4
756,16.16,55,0.3,0.3,122.8,40.6,290.0,7.4
756,16.62,55,0.2,0.2,123.0,39.8,294.0,7.3
756,17.03,54,0.5,0.5,123.6,40.3,296.0,7.4
756,16.66,54,0.5,0.5,125.3,39.8,300.0,7.5
756,16.70,55,8.5,8.6,123.6,39.5,284.0,7.4
756,16.57,55,0.3,0.3,125.6,38.9,300.0,7.5
755,16.73,55,0.6,0.6,123.0,39.6,297.0,7.4
755,16.23,57,0.4,0.4,125.6,39.2,301.0,7.4
755,16.20,58,0.6,0.6,125.2,39.0,294.0,7.4
755,16.63,56,0.4,0.4,123.3,39.4,302.0,7.4
755,16.57,56,0.3,0.3,127.0,39.2,299.0,7.3
755,16.46,57,0.4,0.4,128.8,38.3,303.0,7.3
755,16.40,57,0.3,0.3,128.0,38.3,302.0,7.4
755,16.52,57,0.3,0.3,124.6,38.1,308.0,7.4
755,16.62,57,0.3,0.3,125.2,38.5,310.0,7.4
755,16.31,58,0.2,0.2,128.3,37.8,302.0,7.5
755,16.34,58,0.2,0.2,126.1,38.1,297.0,7.4
755,16.37,58,0.3,0.3,130.9,37.3,295.0,7.5
755,16.61,58,0.4,0.4,125.3,39.6,311.0,7.5
755,15.94,64,9.1,9.2,139.6,34.3,305.0,7.8
755,15.22,67,0.4,0.4,135.0,33.7,310.0,7.6
755,15.27,69,3.8,3.8,137.3,33.1,306.0,7.7
755,15.46,67,0.8,0.8,135.8,34.0,301.0,7.7
755,15.78,64,1.1,1.2,133.5,35.0,311.0,7.6
755,15.70,64,0.8,0.9,142.3,34.4,299.0,7.9
755,15.96,62,2.9,2.9,136.3,35.7,294.0,7.8
755,16.04,61,1.9,1.9,136.7,35.8,309.0,7.8
755,16.20,60,2.5,2.5,149.0,34.9,318.0,8.4
755,16.32,59,3.9,3.9,173.0,31.6,312.0,9.1
756,16.85,57,2.5,2.5,165.2,33.4,336.0,8.8
755,17.29,57,16.6,16.7,167.6,32.7,326.0,9.0
755,18.77,52,2.0,2.0,142.2,35.7,267.0,8.2
756,18.96,51,10.1,10.1,162.5,33.5,317.0,9.0
756,18.77,52,20.5,20.6,155.1,35.5,330.0,8.5
756,18.77,53,3.3,3.3,201.5,29.6,313.0,9.9
756,18.79,53,4.9,4.9,174.9,31.8,323.0,9.2
756,19.40,51,11.6,11.7,164.8,32.8,320.0,8.8
756,19.64,51,6.7,6.7,147.6,34.1,318.0,8.2
756,20.60,49,1.6,1.6,154.0,33.8,310.0,8.6
756,19.94,51,35.8,36.0,161.1,32.6,319.0,8.7
756,20.26,50,5.1,5.2,151.5,33.3,327.0,8.5
756,20.41,49,5.0,5.2,160.1,32.5,334.0,9.1
756,20.67,49,5.0,5.0,141.2,35.3,324.0,8.2
756,20.77,49,7.6,7.7,158.2,33.4,341.0,8.6
756,20.98,48,3.1,3.1,144.1,34.5,318.0,8.2
756,20.49,54,5.2,5.2,163.0,31.2,325.0,8.7
755,21.18,50,2.0,2.0,149.0,33.1,306.0,8.3
755,21.63,48,7.7,7.8,169.4,32.0,342.0,9.0
755,22.43,45,24.2,24.4,154.5,33.4,324.0,8.6
755,22.71,48,8.8,8.9,166.4,30.9,338.0,8.9
755,22.15,47,3.4,3.4,181.4,29.5,334.0,9.6
755,21.86,45,11.7,11.8,142.8,34.5,331.0,8.1
755,24.03,41,5.2,5.7,171.1,32.1,322.0,9.2
755,23.49,42,6.0,6.1,196.1,29.6,332.0,10.3
754,22.73,43,1.7,1.9,143.6,34.5,316.0,8.3
754,22.30,45,4.2,4.2,148.7,34.1,391.0,8.4
754,22.97,44,6.6,7.7,167.6,32.0,327.0,9.0
754,23.37,41,1.8,1.9,170.6,31.7,324.0,9.2
754,23.34,42,2.4,2.4,160.4,33.2,319.0,9.0
754,23.06,42,6.3,6.3,146.1,34.1,312.0,8.3
754,23.30,42,1.8,1.8,152.3,32.6,335.0,8.5
754,22.86,43,6.3,6.4,164.4,32.4,332.0,9.1
753,23.14,42,8.2,8.3,175.5,31.9,329.0,9.6
753,22.26,43,9.3,10.2,160.8,33.3,332.0,9.0
754,22.15,43,4.6,4.6,146.0,34.8,324.0,8.5
754,22.14,43,10.5,12.8,141.3,36.1,324.0,8.2
754,21.99,44,4.1,4.1,156.0,34.2,340.0,8.7
754,21.43,46,10.9,11.4,144.0,35.7,364.0,8.3
754,21.14,45,6.3,6.3,149.3,35.6,333.0,8.5
754,20.40,48,4.2,4.5,159.6,32.2,323.0,8.7
754,20.17,50,9.1,9.2,170.0,31.2,320.0,8.9
754,19.80,50,19.4,22.3,152.7,33.0,307.0,8.4
754,19.78,51,6.8,7.1,193.8,29.4,333.0,9.5
754,19.35,51,12.9,13.0,155.2,33.1,313.0,8.5
754,19.93,50,7.4,7.4,188.0,30.1,338.0,9.6
754,19.14,50,13.0,13.1,148.4,34.7,324.0,8.3
755,19.57,50,5.2,5.8,162.7,32.7,333.0,8.8
755,18.97,50,6.9,7.9,158.1,33.2,331.0,8.6
755,18.54,51,4.7,4.7,159.2,33.8,302.0,8.9
755,18.43,52,2.9,2.9,142.2,35.0,325.0,8.1
755,18.71,51,4.7,5.2,170.4,32.2,317.0,8.9
756,18.29,52,3.9,4.8,149.1,33.8,320.0,8.4
756,18.20,53,8.8,11.1,151.4,33.6,322.0,8.4
756,18.39,52,5.5,5.5,156.7,33.3,322.0,8.6
756,17.82,53,3.0,3.5,137.0,36.0,290.0,8.0
756,17.96,53,18.4,23.7,149.3,34.7,321.0,8.4
756,17.93,54,5.4,7.2,143.6,35.4,311.0,8.2
756,17.60,55,36.9,44.0,133.9,36.7,305.0,7.8
756,17.43,55,7.3,8.9,132.5,36.6,307.0,7.7
756,17.34,54,1.4,1.7,138.3,36.1,298.0,8.0
756,16.87,55,1.9,2.3,137.5,36.9,294.0,7.9
755,16.85,55,2.0,2.0,144.8,36.0,302.0,8.1
755,16.91,54,0.7,0.7,130.4,38.6,296.0,7.7
755,16.28,55,0.4,0.5,129.2,40.9,305.0,7.1
755,16.09,55,0.8,0.8,125.6,39.6,300.0,7.4
755,16.04,55,0.5,0.6,126.1,39.9,303.0,7.3
755,16.22,55,1.1,1.3,126.0,39.1,309.0,7.5
755,16.34,54,2.6,2.9,124.8,39.2,301.0,7.4
754,16.13,55,0.5,0.6,126.7,39.5,298.0,7.3
754,16.45,55,0.6,0.6,125.7,39.6,296.0,7.1
754,16.29,55,0.3,0.3,123.4,39.2,288.0,7.4
754,16.14,55,0.3,0.3,124.4,39.8,288.0,7.3
754,16.39,54,0.6,0.6,126.6,39.2,304.0,7.3
754,16.54,55,0.4,0.4,126.0,38.3,306.0,7.4
754,16.70,55,0.3,0.3,125.1,37.8,315.0,7.4
754,16.79,56,0.3,0.3,129.0,37.9,305.0,7.3
754,16.47,58,0.5,0.5,130.7,36.5,313.0,7.4
754,16.19,59,0.3,0.3,130.4,35.4,303.0,7.5
754,16.77,57,0.4,0.5,128.2,36.4,305.0,7.5
754,16.18,63,0.4,0.4,134.7,33.8,306.0,7.6
754,16.43,61,2.8,2.9,133.1,34.4,307.0,7.6
754,16.17,60,0.2,0.2,133.0,35.9,305.0,7.5
754,15.82,63,0.5,0.5,135.9,34.0,310.0,7.6
754,16.00,61,0.2,0.2,132.0,34.7,301.0,7.5
754,15.45,60,0.7,0.7,131.3,37.2,311.0,7.5
754,15.25,61,0.5,0.5,140.9,34.9,310.0,7.8
754,15.41,61,0.7,0.7,137.1,36.0,288.0,7.4
754,15.38,60,1.5,1.5,129.2,37.1,294.0,7.4
754,15.50,60,0.3,0.4,129.3,36.9,308.0,7.4
754,15.63,58,1.8,1.9,127.1,37.5,310.0,7.4
754,15.52,59,1.8,1.8,134.3,36.5,316.0,7.7
754,15.68,58,18.5,20.0,134.4,36.4,311.0,7.6
754,16.00,58,3.4,3.4,145.3,34.5,310.0,8.1
754,15.96,58,3.5,3.6,151.5,33.7,311.0,8.3
754,16.57,57,9.6,9.6,187.7,30.3,326.0,9.7
754,16.73,57,5.5,5.6,171.2,32.1,317.0,9.0
754,16.86,57,7.7,7.8,165.7,31.8,327.0,8.9
755,17.09,60,5.4,5.4,164.9,31.6,316.0,8.9
755,17.61,58,4.3,4.3,167.4,32.0,323.0,9.0
755,17.98,58,7.4,7.4,172.2,30.7,331.0,8.9
755,18.32,57,31.3,31.5,161.4,32.3,323.0,8.9
755,18.41,57,4.4,4.4,152.8,33.4,306.0,8.8
755,18.71,57,4.9,4.9,239.2,26.4,322.0,10.5
755,18.89,55,11.2,11.2,175.8,30.6,320.0,9.0
755,18.87,55,2.0,2.1,150.9,33.1,309.0,8.3
755,19.24,56,4.1,4.1,153.1,30.9,312.0,8.3
755,19.14,56,2.5,2.5,165.7,30.5,315.0,8.7
754,19.89,55,1.8,1.8,166.1,29.0,311.0,8.7
754,20.86,51,3.2,3.3,151.5,32.0,331.0,8.3
754,21.35,49,6.6,6.6,155.1,31.7,312.0,8.4
754,22.22,47,4.3,4.3,166.2,31.0,313.0,8.8
754,21.74,45,5.0,5.4,149.4,34.9,310.0,8.7
754,21.34,49,3.7,3.7,172.4,30.5,315.0,9.0
754,21.81,48,6.7,6.7,176.2,30.3,308.0,9.1
754,22.93,43,4.0,4.1,176.0,27.6,301.0,9.1
754,23.72,44,3.9,4.0,187.0,29.7,328.0,9.4
754,22.05,46,3.6,3.6,175.0,32.4,376.0,9.2
754,22.34,46,4.6,4.6,161.7,32.4,328.0,8.7
753,22.95,43,14.4,14.5,163.7,31.7,327.0,8.8
753,23.70,40,1.4,1.4,145.3,34.2,326.0,8.3
753,23.94,41,2.9,2.9,168.4,30.4,319.0,8.9
753,24.09,40,1.2,1.2,162.5,30.8,327.0,8.8
753,24.24,40,6.1,6.1,189.4,28.8,322.0,9.9
753,23.07,43,2.4,2.4,145.7,34.2,332.0,8.2
753,23.45,42,2.5,2.5,148.3,33.6,313.0,8.3
753,23.70,41,2.2,2.2,149.9,33.3,331.0,8.3
753,23.19,42,1.9,1.9,137.7,35.5,315.0,7.8
753,22.61,43,5.4,5.5,172.1,29.7,333.0,9.0
753,21.43,45,4.8,4.9,156.2,33.6,342.0,8.5
753,22.14,44,2.4,2.4,153.0,32.7,325.0,8.5
753,21.58,44,4.3,4.3,146.7,34.6,302.0,8.3
753,20.69,46,1.3,1.3,140.3,37.3,308.0,7.7
753,20.78,46,1.4,1.4,159.4,31.9,314.0,8.9
753,19.98,48,9.5,9.5,149.3,33.8,339.0,8.4
753,20.34,47,7.8,7.8,160.3,32.9,324.0,8.7
753,19.20,48,5.4,5.5,171.8,31.7,322.0,9.0
754,18.94,49,4.8,4.9,163.3,32.6,323.0,8.7
754,18.86,50,2.9,2.9,154.1,33.2,343.0,8.5
754,18.22,51,1.8,1.8,166.9,32.4,298.0,8.9
754,17.97,52,4.6,4.7,150.6,34.9,332.0,8.3
754,17.58,52,1.5,1.5,162.1,33.5,323.0,8.5
754,17.75,52,4.2,4.3,150.0,34.3,324.0,8.3
754,17.42,52,1.7,1.7,167.6,32.1,309.0,8.9
754,17.23,53,20.4,20.6,138.7,36.5,316.0,7.9
754,16.98,53,4.4,4.4,153.0,34.9,328.0,8.5
754,16.99,54,1.7,1.7,146.6,36.5,313.0,8.0
754,16.87,53,7.4,7.5,135.2,36.5,330.0,7.7
755,16.96,53,2.8,2.8,143.1,36.1,322.0,8.1
755,16.77,54,5.3,5.4,137.4,36.7,306.0,8.2
755,16.42,54,11.0,11.1,150.3,34.4,309.0,8.4
755,16.58,54,4.8,4.9,161.7,33.1,318.0,8.7
755,16.64,54,9.1,9.3,138.5,35.6,314.0,7.9
755,16.46,54,5.6,5.7,146.3,35.0,316.0,8.2
755,16.32,54,1.8,1.8,152.1,34.7,316.0,8.3
755,16.41,53,1.9,1.9,145.8,35.5,310.0,8.1
755,16.52,54,9.6,10.8,152.7,35.8,312.0,8.4
755,16.80,52,3.5,3.7,134.5,37.5,318.0,7.8
755,16.38,53,1.8,1.9,139.2,37.4,320.0,8.0
755,16.59,52,1.4,1.5,137.2,36.9,315.0,7.8
755,16.18,53,0.5,0.6,128.9,38.9,306.0,7.5
755,16.03,54,0.3,0.3,128.3,37.8,312.0,7.6
755,15.88,54,0.6,0.6,134.6,37.5,275.0,7.7
755,15.83,54,1.1,1.1,131.8,37.3,319.0,7.7
755,15.82,55,0.3,0.3,129.6,36.9,312.0,7.5
755,15.76,55,0.6,0.6,126.8,38.3,298.0,7.5
755,15.91,55,0.7,0.7,125.5,37.8,308.0,7.4
754,15.89,54,1.0,1.1,124.8,38.6,314.0,7.4
754,15.82,54,0.1,0.1,125.8,38.6,305.0,7.4
754,15.66,54,0.2,0.2,125.5,38.4,298.0,7.4
754,15.89,54,0.1,0.1,124.6,38.5,298.0,7.4
754,15.38,56,0.1,0.1,125.4,38.4,306.0,7.4
754,15.48,56,0.2,0.2,127.5,39.0,291.0,7.2
754,15.82,55,0.1,0.1,124.0,38.5,303.0,7.4
754,16.13,54,0.2,0.2,124.6,38.2,297.0,7.4
754,15.65,55,0.2,0.2,126.9,39.2,293.0,7.2
754,15.64,56,0.5,0.5,124.4,37.8,302.0,7.4
754,15.66,55,0.5,0.5,124.7,38.2,312.0,7.4
754,15.47,56,0.8,0.8,124.6,37.9,308.0,7.3
754,15.58,56,0.1,0.1,125.9,38.7,299.0,7.4
754,15.83,55,2.9,2.9,127.4,38.2,310.0,7.5
754,15.75,55,0.7,0.7,125.7,37.9,301.0,7.3
754,15.49,56,0.4,0.4,127.5,37.6,310.0,7.5
754,15.32,58,0.5,0.5,136.0,35.8,297.0,7.7
754,15.46,56,1.0,1.0,127.6,37.9,299.0,7.5
754,15.30,60,1.7,1.7,129.8,35.8,314.0,7.5
754,15.19,60,3.9,3.9,134.7,35.8,296.0,7.7
754,15.34,60,1.1,1.1,133.6,35.3,293.0,7.7
754,15.38,59,3.0,3.0,132.9,35.9,301.0,7.7
754,15.62,56,3.3,3.3,139.4,36.3,307.0,7.9
754,16.05,54,5.0,5.0,143.3,35.8,308.0,8.1
754,16.46,54,3.4,3.4,146.4,34.8,315.0,8.2
755,16.91,53,4.0,4.0,149.9,34.8,321.0,8.3
755,17.65,52,94.0,94.5,170.2,32.8,309.0,8.9
755,19.31,49,3.9,3.9,149.5,34.7,324.0,8.3
755,19.16,49,10.6,10.6,197.5,30.2,349.0,9.7
755,20.27,46,5.6,5.6,162.8,33.2,340.0,8.8
755,20.60,44,9.6,9.7,152.6,35.0,345.0,8.4
755,20.42,45,2.9,2.9,150.9,34.7,324.0,8.3
755,21.88,42,5.5,5.6,155.8,33.5,339.0,8.5
755,21.90,42,4.0,4.0,171.8,32.0,327.0,9.1
755,21.60,43,4.2,4.2,155.4,34.5,312.0,8.4
756,22.14,42,22.9,23.0,160.7,32.0,313.0,8.6
755,21.90,41,3.5,3.5,148.1,34.2,316.0,8.2
755,20.99,45,9.5,9.5,151.4,34.7,323.0,8.4
756,21.71,43,2.0,2.0,142.3,34.4,326.0,8.0
755,22.75,41,2.9,2.9,152.3,33.4,337.0,8.4
755,22.77,41,3.1,3.1,141.9,35.7,324.0,8.1
755,22.20,42,6.0,6.0,151.6,33.4,327.0,8.4
755,22.38,41,4.5,4.6,147.3,34.8,297.0,8.3
755,22.45,41,1.6,1.6,152.5,33.2,311.0,8.4
755,23.40,39,7.0,7.0,162.5,32.3,355.0,8.8
755,23.37,39,16.4,16.5,175.0,30.7,321.0,8.9
755,23.84,38,15.7,15.8,151.6,33.8,316.0,8.6
754,24.31,37,7.1,7.1,165.0,31.2,327.0,9.0
754,24.86,36,4.7,4.7,163.5,33.1,321.0,8.8
754,24.06,37,1.5,1.5,146.6,33.8,294.0,8.3
754,24.25,36,1.9,1.9,140.0,35.2,354.0,8.3
754,24.41,37,2.9,2.9,165.1,32.9,334.0,8.9
754,24.67,37,3.4,3.4,156.2,33.4,332.0,8.7
754,24.04,37,2.8,2.8,187.3,30.5,332.0,9.6
754,24.03,37,5.9,5.9,158.9,33.1,332.0,8.8
754,23.55,38,4.5,4.6,137.2,36.1,312.0,8.1
753,23.38,39,2.1,2.1,137.7,35.6,310.0,8.0
753,23.23,39,4.1,4.1,156.3,33.1,307.0,9.1
753,23.23,39,3.3,3.3,144.9,34.8,316.0,8.3
753,22.95,38,3.4,3.4,144.7,35.9,315.0,8.3
753,22.98,40,5.4,5.4,143.7,35.0,321.0,8.3
753,22.58,41,2.9,2.9,151.2,34.2,318.0,8.5
753,22.56,41,2.3,2.4,141.8,35.1,345.0,8.2
754,22.29,43,3.0,3.0,154.9,32.9,312.0,8.5
754,22.11,43,5.4,5.4,159.3,32.4,326.0,8.5
754,21.48,43,11.7,11.8,165.4,31.0,327.0,8.8
754,20.42,47,2.0,2.0,152.6,32.6,318.0,8.2
754,19.95,48,4.0,4.0,164.6,31.3,318.0,8.6
754,19.29,50,1.7,1.7,172.1,30.5,327.0,8.9
754,18.38,52,3.0,3.0,164.2,31.1,320.0,8.5
755,18.31,53,5.0,5.0,174.0,30.5,330.0,8.8
755,18.19,52,3.1,3.1,160.0,32.1,325.0,8.4
755,18.23,50,13.0,13.1,152.5,33.5,322.0,8.2
755,18.55,49,9.9,9.9,189.2,30.3,336.0,9.4
755,18.15,50,8.2,8.2,154.8,32.9,335.0,8.6
755,17.80,50,6.1,6.2,164.4,33.2,336.0,8.9
755,17.75,49,2.4,2.4,146.1,36.1,315.0,8.2
755,17.51,50,3.8,3.8,185.8,32.1,327.0,9.4
755,17.46,50,2.6,2.6,144.9,36.9,336.0,8.2
755,16.96,51,2.8,2.8,145.6,36.6,328.0,8.1
756,16.96,51,4.5,4.5,160.2,34.5,329.0,8.6
756,16.58,52,5.3,5.3,149.0,35.4,327.0,8.2
756,16.63,52,2.7,2.7,150.4,35.9,326.0,8.2
756,16.00,53,10.4,10.5,134.5,37.7,309.0,7.6
756,16.36,52,3.6,3.6,144.3,35.9,320.0,8.0
756,16.32,52,2.3,2.3,139.6,36.9,306.0,7.9
756,16.13,52,1.2,1.2,134.4,38.1,313.0,7.7
756,16.23,51,1.3,1.3,128.9,39.2,305.0,7.6
756,15.87,52,1.9,1.9,129.8,38.2,293.0,7.6
756,15.86,52,0.4,0.4,137.7,37.2,314.0,7.8
756,15.77,53,3.9,3.9,133.3,37.8,312.0,7.7
756,15.77,52,0.6,0.6,130.0,37.3,316.0,7.6
756,15.52,55,1.6,1.6,129.6,37.1,315.0,7.6
756,15.26,55,1.0,1.1,135.9,36.4,313.0,7.8
756,14.76,57,1.5,1.6,131.2,36.6,315.0,7.6
756,14.89,57,1.5,1.5,176.4,29.7,321.0,9.1
755,14.99,57,1.7,1.7,140.7,35.1,316.0,7.9
755,14.78,58,2.0,2.0,130.3,37.1,305.0,7.6
755,14.87,57,3.8,3.8,135.7,37.2,307.0,7.8
755,14.64,57,1.5,1.5,129.2,37.1,312.0,7.6
755,14.17,59,0.7,0.7,130.1,36.8,307.0,7.6
755,14.57,57,0.9,0.9,134.8,37.1,308.0,7.7
755,14.42,57,1.6,1.6,155.0,34.2,309.0,8.3
755,14.46,57,1.6,1.7,123.7,39.1,299.0,7.4
755,14.35,58,1.5,1.5,125.6,38.1,300.0,7.4
755,14.05,59,0.8,0.8,125.7,37.8,298.0,7.4
755,14.41,58,1.2,1.2,124.1,38.0,296.0,7.4
754,14.43,58,0.5,0.5,127.8,37.0,296.0,7.5
754,14.83,57,1.2,1.2,125.3,38.8,300.0,7.5
754,15.04,57,0.8,0.8,125.2,37.6,292.0,7.5
755,14.98,56,1.0,1.1,124.7,38.0,290.0,7.4
755,15.03,56,0.9,0.9,124.3,38.0,299.0,7.5
755,15.00,57,1.7,1.7,125.5,38.6,299.0,7.5
755,15.00,57,1.3,1.3,126.6,38.1,304.0,7.5
755,15.13,56,1.3,1.3,129.1,37.9,308.0,7.7
755,15.21,55,5.8,5.9,132.1,38.2,305.0,7.8
755,15.31,56,5.2,5.2,131.7,37.8,305.0,7.7
755,15.40,55,4.8,4.9,132.4,37.8,315.0,7.7
755,15.51,55,6.2,6.2,133.4,37.4,319.0,7.8
755,15.69,55,3.9,4.0,156.4,35.1,323.0,8.5
755,16.02,53,18.8,18.9,154.4,35.3,322.0,8.5
755,16.17,52,3.9,3.9,150.7,36.2,329.0,8.4
755,16.41,54,39.7,39.9,173.5,32.6,333.0,9.0
756,17.76,49,3.5,3.5,144.6,36.8,331.0,8.6
756,17.78,49,18.2,18.3,152.3,36.0,330.0,8.6
756,18.08,49,22.2,22.3,175.9,32.8,326.0,9.2
756,18.22,48,5.4,5.4,158.4,34.4,325.0,8.7
756,18.32,48,8.1,8.1,164.3,33.0,310.0,8.7
756,19.01,45,6.0,6.1,166.3,33.6,327.0,8.9
756,19.19,43,4.2,4.2,145.9,36.5,314.0,8.4
756,20.48,42,6.1,6.1,138.3,36.8,312.0,8.1
756,21.55,39,2.2,2.2,140.4,36.0,316.0,8.2
756,20.88,40,4.1,4.1,135.3,37.1,324.0,8.0
756,20.98,40,5.4,5.4,132.2,37.6,326.0,7.9
756,21.56,40,2.5,2.5,149.7,35.8,327.0,8.5
755,22.26,39,7.4,7.5,138.1,35.9,328.0,8.2
755,22.55,38,3.1,3.1,132.1,37.7,315.0,7.8
755,22.99,38,4.3,4.3,157.7,33.3,322.0,8.7
755,22.61,38,4.2,4.2,140.0,35.5,336.0,8.2
755,23.02,38,13.2,13.2,154.0,33.9,329.0,8.6
755,23.29,38,9.8,9.9,174.6,30.9,349.0,9.1
755,23.86,37,5.5,5.5,162.5,31.9,341.0,8.8
755,23.67,38,5.2,5.2,159.4,34.3,333.0,8.8
755,23.05,39,6.4,6.5,145.3,34.7,343.0,8.4
755,22.96,39,12.4,12.5,161.1,32.8,349.0,8.7
755,23.06,38,7.0,7.0,159.0,33.4,343.0,8.7
755,22.47,39,3.4,3.5,148.4,34.8,334.0,8.6
754,22.31,40,19.2,19.3,144.6,34.5,332.0,8.3
754,22.72,39,6.5,6.6,159.0,34.2,342.0,8.7
754,22.73,39,14.0,14.1,171.7,32.6,334.0,9.1
754,22.74,39,4.2,4.3,155.9,34.3,331.0,8.6
754,22.77,39,9.0,9.1,167.2,32.4,332.0,9.0
754,23.23,38,3.4,3.4,149.5,35.2,345.0,8.6
754,22.95,39,7.9,8.0,160.8,32.7,358.0,8.8
754,22.02,40,4.2,4.2,148.0,35.6,362.0,8.4
754,22.07,40,4.1,4.1,172.7,32.3,330.0,9.0
753,21.58,41,7.2,7.2,151.3,34.2,331.0,8.5
753,21.51,40,4.7,4.7,164.0,33.8,300.0,8.8
754,21.83,39,8.2,8.3,158.1,35.0,333.0,8.7
754,21.34,40,2.6,2.6,148.9,35.9,302.0,8.5
754,20.48,43,5.8,5.8,150.8,34.9,327.0,8.3
754,20.71,43,4.9,5.0,167.6,32.9,332.0,8.9
754,19.77,46,3.2,3.3,156.3,33.3,313.0,8.4
754,19.43,46,6.4,6.5,179.1,30.8,310.0,9.3
754,19.02,46,7.4,7.5,155.4,33.5,331.0,8.6
755,18.94,47,11.0,11.1,192.7,30.0,337.0,9.5
755,18.51,48,5.1,5.1,173.6,31.9,324.0,9.0
755,18.22,49,5.1,5.1,174.8,31.4,345.0,9.0
755,18.03,50,6.2,6.2,178.5,30.3,338.0,9.3
755,18.10,50,4.5,4.6,187.9,30.6,342.0,9.6
755,17.49,52,4.2,4.2,167.1,32.1,325.0,8.8
755,17.85,50,6.1,6.2,166.2,32.0,339.0,8.8
755,17.58,51,3.5,3.5,154.0,33.2,307.0,8.5
755,17.31,50,1.7,1.8,161.7,33.7,332.0,8.8
755,17.18,50,1.6,1.6,153.0,34.6,314.0,8.4
755,16.76,50,6.6,6.7,154.2,34.6,326.0,8.5
755,16.39,51,2.0,2.0,160.1,34.7,320.0,8.7
756,16.22,51,3.9,3.9,150.3,35.5,322.0,8.4
756,16.37,51,2.3,2.3,144.6,36.2,318.0,8.2
756,16.38,50,1.1,1.1,140.3,38.9,325.0,8.0
756,16.38,48,1.5,1.5,141.7,38.3,313.0,8.1
756,16.34,48,2.4,2.4,141.9,38.0,312.0,8.1
756,16.03,49,1.3,1.4,136.4,38.5,317.0,8.0
756,15.87,49,2.3,2.4,134.6,39.2,323.0,7.9
756,15.58,50,0.7,0.7,132.6,38.6,302.0,7.7
756,15.48,50,1.3,1.5,131.5,38.7,301.0,7.7
756,15.27,52,0.7,0.8,129.3,39.1,301.0,7.7
756,15.30,52,1.4,1.4,129.7,39.0,298.0,7.8
756,15.00,53,0.8,0.8,133.7,38.3,294.0,7.7
756,14.62,54,0.5,0.5,130.6,39.0,293.0,7.5
756,14.74,54,0.9,0.9,129.3,38.5,302.0,7.6
756,14.72,54,1.1,1.1,134.1,37.3,301.0,7.8
755,14.69,54,3.9,3.9,132.1,38.5,309.0,7.7
755,14.18,56,1.4,1.4,129.7,37.8,299.0,7.5
755,14.46,54,4.2,4.4,127.3,38.7,301.0,7.5
755,14.33,55,1.2,1.3,125.4,38.7,298.0,7.4
755,14.54,53,1.1,1.1,127.6,39.2,308.0,7.7
755,14.09,55,0.5,0.5,126.4,38.2,301.0,7.5
755,14.00,57,0.4,0.4,125.9,38.3,302.0,7.5
755,13.96,56,0.6,0.6,125.7,39.9,303.0,7.5
755,14.72,52,0.6,0.6,120.4,41.6,318.0,7.4
755,14.70,52,0.6,0.6,123.1,41.6,304.0,7.4
755,14.74,52,0.6,0.6,122.1,41.2,306.0,7.4
755,14.43,53,0.6,0.6,123.8,40.4,296.0,7.4
755,14.46,53,1.1,1.1,123.1,40.1,291.0,7.4
755,14.42,54,0.4,0.4,125.0,40.6,297.0,7.2
755,14.20,55,0.6,0.6,122.5,39.9,301.0,7.4
755,14.65,54,1.1,1.1,123.5,40.6,305.0,7.5
755,14.44,54,0.9,0.9,123.0,40.1,298.0,7.4
755,14.42,55,6.3,6.4,129.4,39.5,297.0,7.6
755,14.20,56,1.6,1.6,125.3,39.7,297.0,7.5
756,14.25,56,0.9,0.9,129.4,38.7,305.0,7.6
755,14.74,52,4.6,4.6,128.5,40.4,303.0,7.7
756,14.65,53,1.4,1.4,131.5,39.7,294.0,7.7
756,15.04,51,6.0,6.1,132.1,39.9,305.0,7.8
756,15.26,52,9.2,9.3,136.7,38.3,304.0,8.0
756,15.62,51,6.3,6.3,154.9,35.8,307.0,8.5
756,16.74,49,7.5,7.6,151.0,36.3,385.0,8.4
756,19.48,40,15.5,15.6,139.3,36.8,344.0,8.0
756,21.11,37,3.1,3.1,164.1,33.8,300.0,8.7
756,20.73,38,12.8,12.9,146.6,35.7,356.0,8.2
756,21.05,38,25.6,25.7,142.0,37.4,302.0,8.2
756,21.28,38,1.6,1.6,139.1,36.8,297.0,8.1
756,20.92,40,6.0,6.0,153.4,35.3,324.0,8.4
756,21.71,38,9.1,9.1,142.6,36.8,331.0,8.2
756,20.88,39,2.4,2.4,143.5,36.6,317.0,8.2
756,21.80,38,22.3,22.4,142.8,35.5,322.0,8.1
756,22.79,37,15.8,15.9,147.2,36.0,313.0,8.4
756,23.17,36,3.5,3.5,140.1,35.2,330.0,8.2
756,23.45,34,6.8,6.9,161.1,34.3,339.0,8.9
756,23.68,35,3.1,3.1,146.2,35.1,343.0,8.3
756,24.64,34,5.7,5.8,145.3,35.3,349.0,8.4
756,24.34,34,8.3,8.3,151.3,34.5,340.0,8.5
756,23.18,36,10.3,10.4,143.9,36.9,317.0,8.3
756,23.36,36,8.7,8.8,146.7,36.2,324.0,8.2
755,23.67,36,4.6,4.6,143.2,36.0,333.0,8.3
755,24.50,35,2.4,2.5,158.3,33.2,331.0,8.7
755,22.78,36,5.6,5.6,150.2,35.3,330.0,8.5
755,22.79,37,8.4,8.4,150.9,34.6,321.0,8.4
755,22.87,37,3.2,3.2,149.9,34.2,314.0,8.4
755,24.22,35,5.0,5.0,155.3,33.7,331.0,8.6
755,24.51,35,8.0,8.0,192.8,30.6,333.0,9.7
755,24.11,35,4.5,4.5,142.2,36.1,332.0,8.1
755,23.37,36,2.8,2.8,153.1,34.5,330.0,8.7
755,22.64,39,2.7,2.7,151.0,33.2,304.0,8.4
755,22.30,39,6.6,6.6,140.1,35.6,331.0,8.0
755,22.10,39,1.8,1.9,144.0,35.9,313.0,8.1
755,22.37,39,4.1,4.1,145.0,34.6,313.0,8.2
755,22.23,38,2.3,2.3,174.5,32.7,313.0,9.2
755,21.75,38,2.3,2.3,142.5,35.4,324.0,8.2
754,21.36,39,3.9,4.0,147.4,35.3,323.0,8.4
755,21.49,38,3.3,3.3,143.8,35.3,317.0,8.2
755,21.07,40,4.3,4.3,145.8,35.4,318.0,8.3
755,20.34,42,1.1,1.1,147.5,35.0,317.0,8.3
755,19.91,44,7.2,7.3,145.1,36.7,315.0,8.0
755,19.87,42,3.7,3.7,141.9,36.1,312.0,8.0
755,19.73,43,12.1,12.2,142.0,35.4,318.0,8.0
755,19.77,41,9.2,9.2,147.8,36.0,310.0,8.3
755,19.50,42,3.1,3.2,155.2,35.1,334.0,8.5
755,19.23,43,2.8,2.8,155.6,34.5,318.0,8.6
755,18.85,44,2.6,2.6,149.6,34.9,309.0,8.4
755,17.87,45,1.2,1.2,137.4,38.6,323.0,7.8
756,17.75,45,4.9,4.9,159.0,34.6,312.0,8.7
756,17.08,46,4.4,4.4,145.9,36.6,325.0,8.3
756,16.84,47,2.9,2.9,147.0,35.9,327.0,8.2
756,16.70,48,11.9,11.9,152.7,36.0,317.0,8.3
756,16.89,48,5.0,5.0,159.2,35.4,321.0,8.8
756,16.79,48,9.4,9.5,142.6,36.9,317.0,8.0
756,16.86,49,3.1,3.1,141.5,36.8,320.0,7.9
756,16.77,49,4.3,4.4,143.6,36.2,333.0,8.1
756,16.94,49,2.3,2.3,152.8,35.0,322.0,8.3
756,17.24,49,4.3,4.3,148.6,35.4,313.0,8.1
756,16.81,49,5.3,5.3,142.0,36.2,309.0,8.0
756,16.89,50,3.2,3.2,141.3,35.9,297.0,8.0
756,17.06,49,3.8,3.8,148.2,35.4,318.0,8.2
756,16.84,49,108.7,109.5,207.4,29.9,333.0,9.6
756,16.52,50,2.9,2.9,138.2,36.7,340.0,7.9
756,16.34,50,2.2,2.2,144.1,35.7,318.0,8.0
756,15.96,52,3.7,3.7,146.3,35.9,301.0,8.0
756,16.47,51,4.9,4.9,140.0,35.9,306.0,8.0
756,16.40,51,4.3,4.4,142.1,35.7,293.0,8.1
756,16.55,51,1.6,1.6,133.2,37.4,307.0,7.6
756,16.29,52,1.8,1.9,139.0,35.6,317.0,7.9
756,16.14,53,2.8,2.8,139.5,35.5,309.0,7.9
756,16.18,53,1.0,1.0,138.5,35.8,304.0,7.9
756,16.20,53,30.1,30.4,142.7,35.8,308.0,8.0
756,16.53,52,1.1,1.1,138.5,36.4,309.0,8.0
755,16.39,52,1.1,1.1,136.2,36.7,317.0,7.8
755,16.06,54,1.3,1.3,139.0,36.0,291.0,7.8
755,16.11,54,1.3,1.3,134.8,37.2,302.0,7.6
755,16.06,54,1.0,1.0,133.8,35.9,312.0,7.8
755,15.98,54,1.4,1.4,137.3,35.6,308.0,7.8
755,15.73,54,1.5,1.5,131.0,37.0,312.0,7.5
755,15.86,54,1.4,1.4,131.9,36.8,303.0,7.6
755,15.89,54,0.6,0.6,132.0,36.3,304.0,7.6
754,16.04,53,0.8,0.8,130.0,36.6,308.0,7.7
755,16.38,52,0.5,0.5,128.4,37.5,304.0,7.6
755,16.31,52,0.5,0.5,129.0,37.4,302.0,7.6
755,15.84,53,0.5,0.5,141.2,35.5,312.0,7.8
755,15.92,54,0.6,0.6,130.9,36.5,321.0,7.6
755,15.65,56,0.8,0.8,132.7,35.5,305.0,7.6
755,15.75,54,0.7,0.7,131.0,36.1,303.0,7.7
755,15.67,54,0.9,0.9,130.1,37.9,285.0,7.5
755,15.83,53,1.0,1.0,129.6,37.3,321.0,7.6
755,15.75,52,5.1,5.1,127.5,39.0,300.0,7.5
755,15.67,52,0.5,0.5,126.1,39.6,317.0,7.5
755,15.37,54,0.6,0.6,128.0,37.1,306.0,7.6
755,15.50,52,1.2,1.2,128.5,38.6,312.0,7.6
756,15.29,52,0.4,0.4,130.8,37.7,314.0,7.6
755,15.79,52,1.1,1.1,129.6,37.8,303.0,7.6
755,15.46,51,4.5,4.5,126.5,39.5,291.0,7.4
756,15.39,51,7.1,7.1,126.9,38.7,322.0,7.6
756,16.09,50,2.5,2.5,134.7,38.1,329.0,7.8
756,17.03,47,1.6,1.6,130.6,38.4,375.0,7.7
756,18.70,42,1.7,1.7,146.6,36.2,309.0,8.3
756,17.32,47,2.6,2.6,130.6,37.4,317.0,7.7
756,18.43,44,1.4,1.4,134.3,37.4,322.0,7.8
756,18.35,45,1.5,1.5,135.1,37.0,351.0,7.8
756,20.11,41,1.4,1.4,132.9,38.0,309.0,7.7
756,20.25,40,1.1,1.1,132.0,38.8,326.0,7.6
756,20.67,40,2.5,2.5,139.7,36.2,327.0,8.1
756,20.60,40,1.9,1.9,132.8,38.8,318.0,7.7
756,21.64,37,2.2,2.2,134.7,37.0,333.0,7.9
756,21.19,37,3.7,3.7,153.4,35.6,303.0,8.7
756,21.12,38,1.6,1.6,137.4,38.7,306.0,7.9
756,21.77,38,2.0,2.0,132.8,38.4,318.0,7.7
756,22.71,35,2.9,2.9,139.6,35.2,322.0,8.1
756,22.77,35,1.0,1.0,136.1,35.5,343.0,8.0
756,22.15,36,0.9,0.9,132.8,37.4,310.0,7.8
756,21.94,37,2.8,2.8,134.1,36.4,316.0,8.0
756,22.20,37,9.4,9.5,134.4,38.3,308.0,7.8
756,23.81,35,4.6,4.7,176.5,30.9,343.0,9.4
756,24.27,34,1.7,1.7,144.4,34.9,334.0,8.4
756,22.68,35,2.2,2.2,138.9,38.2,290.0,7.9
756,23.39,34,1.2,1.2,133.8,38.5,327.0,7.8
756,22.08,36,1.6,1.6,147.4,35.5,318.0,8.3
756,22.05,34,1.2,1.2,141.3,38.3,321.0,8.2
756,21.39,36,1.5,1.5,242.9,28.8,291.0,11.2
755,22.51,34,1.4,1.4,132.2,38.4,307.0,7.9
755,21.90,35,1.7,1.7,126.4,41.7,301.0,7.6
755,21.24,36,1.5,1.5,135.7,40.3,300.0,8.0
755,21.92,35,2.5,2.5,145.4,36.6,313.0,8.5
755,22.09,34,1.4,1.4,156.5,36.0,341.0,8.5
755,21.52,35,5.5,5.5,130.4,41.8,341.0,7.8
755,21.12,37,1.9,1.9,136.8,38.6,312.0,7.9
755,21.24,33,0.9,0.9,127.7,42.2,313.0,7.8
755,21.74,35,8.5,8.6,132.8,38.8,318.0,7.9
755,20.57,35,1.1,1.1,123.2,47.5,328.0,7.1
755,21.11,35,12.3,12.4,128.2,41.1,321.0,7.7
755,21.25,35,1.7,1.8,133.3,40.8,303.0,7.9
755,20.18,36,1.6,1.6,126.8,44.5,300.0,7.5
755,20.72,36,1.3,1.3,134.3,40.3,333.0,8.0
755,19.98,38,4.5,4.5,141.9,38.5,321.0,8.0
755,19.57,39,2.0,2.0,131.7,40.3,308.0,7.7
755,19.06,39,2.2,2.2,138.5,40.1,298.0,7.9
755,18.79,40,4.8,4.8,137.1,39.0,310.0,7.9
755,18.03,42,2.1,2.1,141.2,38.3,295.0,8.0
755,17.99,43,3.3,3.3,130.2,39.8,291.0,7.7
755,17.65,44,2.2,2.2,136.4,38.4,311.0,7.9
755,17.73,45,7.4,7.5,134.9,37.9,301.0,7.8
755,17.48,45,3.9,3.9,151.7,35.5,317.0,8.6
756,17.29,45,4.9,4.9,152.4,35.8,323.0,8.5
755,17.17,45,3.5,3.5,165.4,33.9,327.0,8.7
755,16.89,46,5.6,5.7,153.3,35.8,319.0,8.4
755,16.97,47,5.7,5.7,148.1,35.9,309.0,8.3
756,17.49,46,8.4,8.4,142.0,36.3,299.0,8.0
756,17.10,48,5.9,5.9,143.0,35.5,323.0,8.0
756,17.08,48,2.3,2.3,155.9,33.6,299.0,8.4
756,16.92,49,1.5,1.5,142.0,34.6,307.0,8.0
756,16.74,50,2.5,2.6,164.5,32.4,308.0,8.6
756,16.98,52,3.6,3.6,153.1,33.2,304.0,8.2
756,16.80,52,1.4,1.4,141.0,34.2,304.0,7.9
756,17.16,52,8.2,8.2,144.3,33.6,305.0,8.0
756,16.80,52,1.6,1.6,143.4,34.3,305.0,8.0
756,17.06,50,2.3,2.4,137.3,34.9,289.0,7.8
757,16.95,49,3.2,3.2,133.9,36.1,306.0,7.8
757,17.07,49,1.9,1.9,149.0,34.3,297.0,8.2
756,16.74,50,1.8,1.8,132.2,37.0,288.0,7.7
756,16.48,51,1.4,1.4,133.0,35.7,288.0,7.7
756,16.31,51,1.8,1.8,132.9,36.4,295.0,7.8
756,16.37,51,1.9,1.9,132.5,36.4,301.0,7.7
756,16.34,50,1.4,1.4,130.5,36.8,300.0,7.7
756,16.39,49,1.3,1.3,127.0,38.2,305.0,7.6
756,16.11,49,1.7,1.8,126.2,38.2,300.0,7.6
756,16.48,49,1.5,1.5,129.5,37.7,292.0,7.6
755,16.45,50,1.2,1.2,127.2,37.3,296.0,7.6
755,16.20,50,1.3,1.3,128.0,37.2,299.0,7.6
755,16.07,50,1.5,1.5,126.3,38.3,300.0,7.5
755,16.31,49,1.5,1.5,125.5,38.1,301.0,7.6
755,15.77,49,1.5,1.5,124.9,39.6,315.0,7.4
755,15.68,49,1.9,2.0,123.9,39.4,317.0,7.5
755,15.66,49,1.4,1.4,123.3,39.9,296.0,7.5
755,15.66,50,1.4,1.4,124.1,39.4,301.0,7.5
755,15.63,50,1.7,1.7,125.6,38.7,304.0,7.5
755,15.40,51,1.4,1.4,127.0,37.9,295.0,7.5
755,15.53,51,2.2,2.2,125.9,38.4,296.0,7.5
755,15.27,52,2.6,2.6,127.5,37.4,282.0,7.6
755,15.51,52,2.0,2.0,127.6,37.6,296.0,7.6
755,15.40,51,2.0,2.0,125.1,38.9,304.0,7.5
755,14.98,51,1.8,1.8,125.5,39.0,274.0,7.5
755,14.91,52,1.9,1.9,126.1,38.5,294.0,7.5
755,15.27,52,4.2,4.2,128.1,38.2,296.0,7.6
755,15.42,51,2.7,2.7,125.9,38.5,292.0,7.5
755,15.28,50,1.6,1.6,128.6,38.9,309.0,7.6
755,15.37,49,2.4,2.4,129.1,39.5,302.0,7.7
755,15.38,50,23.1,23.3,130.9,38.3,295.0,7.6
755,15.62,51,7.1,7.1,133.4,37.5,307.0,7.7
755,15.55,53,3.2,3.2,142.8,35.2,298.0,8.0
755,15.98,52,5.7,5.7,167.2,32.5,311.0,8.5
756,16.14,50,2.3,2.3,137.7,36.8,309.0,7.8
756,16.48,49,6.3,6.4,150.6,35.2,316.0,8.3
756,16.55,48,7.8,7.9,138.0,37.3,305.0,7.9
756,16.83,47,15.2,15.3,140.0,37.7,289.0,8.0
756,16.93,47,9.5,9.5,150.8,36.1,292.0,8.3
756,17.01,47,2.2,2.2,151.2,35.6,291.0,8.2
756,17.68,47,3.1,3.1,153.7,34.3,301.0,8.4
756,17.98,47,2.1,2.1,150.3,34.3,294.0,8.4
757,17.19,48,2.0,2.0,144.8,34.9,302.0,8.1
757,16.80,51,16.4,16.5,138.2,36.0,311.0,7.7
756,18.18,47,6.8,6.8,147.7,34.1,313.0,8.2
756,18.48,45,2.9,2.9,147.0,34.8,308.0,8.2
756,18.23,45,2.5,2.6,135.0,38.7,311.0,7.5
756,19.56,41,2.6,2.6,138.0,38.5,294.0,8.0
756,20.48,39,2.8,2.8,135.2,37.9,307.0,7.9
756,21.27,38,2.4,2.4,133.5,38.2,308.0,7.9
756,20.68,38,2.7,2.7,130.3,41.9,314.0,7.6
756,21.22,36,3.0,3.1,135.8,38.7,310.0,8.0
756,22.02,33,12.2,12.3,129.6,42.3,291.0,7.9
755,22.72,32,3.0,3.0,139.3,37.3,319.0,8.3
755,23.14,36,2.4,2.4,138.3,37.4,315.0,8.1
755,23.80,33,7.6,7.7,144.8,35.8,318.0,8.4
755,22.34,38,5.5,5.5,164.8,30.2,336.0,8.8
755,21.35,42,2.5,2.5,163.5,31.1,322.0,8.7
755,21.32,42,3.5,3.6,154.5,32.6,317.0,8.5
755,20.36,47,2.2,2.2,166.6,30.1,322.0,8.7
755,19.30,48,4.9,4.9,163.0,31.6,318.0,8.6
755,18.30,55,4.1,4.1,166.6,28.6,293.0,8.6
755,18.51,50,3.1,3.1,159.5,31.6,323.0,8.5
755,19.27,44,2.8,2.8,145.9,34.9,331.0,8.3
755,19.97,42,2.7,2.7,140.8,36.8,322.0,8.4
754,20.97,41,2.3,2.3,188.4,29.5,339.0,9.3
754,21.48,39,3.2,3.2,150.6,34.8,333.0,8.4
755,21.29,39,2.0,2.0,138.6,36.3,326.0,8.1
754,21.45,39,4.4,4.4,140.6,36.5,327.0,8.2
754,21.29,40,2.9,2.9,143.0,34.3,306.0,8.2
754,21.26,37,6.4,6.4,153.0,35.9,316.0,8.6
754,20.80,40,2.4,2.4,139.3,35.6,317.0,8.0
755,19.97,44,2.3,2.3,146.4,33.2,263.0,8.2
755,19.50,46,3.0,3.1,160.0,31.5,316.0,8.6
755,19.26,47,7.4,7.4,187.8,29.5,317.0,9.2
755,19.38,47,2.7,2.8,169.7,30.7,321.0,8.7
755,18.96,47,3.3,3.3,154.9,32.0,332.0,8.5
755,18.56,47,5.0,5.0,160.2,32.6,327.0,8.7
755,18.05,49,22.9,23.0,162.4,32.1,309.0,8.6
755,17.62,51,5.7,5.7,159.2,33.3,315.0,8.5
756,16.73,56,3.1,3.1,175.9,30.7,308.0,8.9
756,16.20,59,3.8,3.8,167.1,30.0,330.0,8.7
756,16.01,60,4.5,4.5,172.5,29.6,322.0,9.0
756,15.94,61,5.9,5.9,160.4,31.3,310.0,8.5
756,16.11,61,4.6,4.6,184.9,28.4,334.0,9.0
756,15.71,62,6.7,6.7,157.0,30.3,303.0,8.3
757,15.80,63,4.4,4.5,169.4,29.5,312.0,8.6
757,15.90,61,5.1,5.1,175.2,29.1,294.0,8.7
757,15.70,61,4.3,4.4,143.3,32.4,303.0,8.0
757,15.73,61,4.2,4.2,156.7,32.0,301.0,8.4
757,15.70,59,4.1,4.1,158.9,32.0,302.0,8.4
757,15.64,59,2.6,2.6,162.6,31.4,316.0,8.5
757,15.40,60,2.6,2.6,146.6,32.3,304.0,8.0
757,15.49,60,2.1,2.2,150.5,32.1,319.0,8.1
757,15.70,59,2.4,2.4,156.1,31.7,311.0,8.4
757,15.80,58,2.5,2.5,151.1,33.5,306.0,8.2
757,15.64,59,2.7,2.7,144.1,33.7,302.0,8.0
757,15.58,58,3.2,3.2,145.2,33.0,303.0,8.1
757,15.44,59,2.4,2.4,147.3,32.8,299.0,8.1
757,15.62,58,2.1,2.1,133.9,35.2,298.0,7.8
757,15.38,58,2.2,2.2,137.9,34.0,306.0,7.8
757,15.75,57,1.9,1.9,134.4,35.1,316.0,7.8
757,15.44,59,1.7,1.7,157.3,32.6,307.0,8.4
757,15.69,58,2.4,2.4,134.7,34.1,298.0,7.7
756,14.83,60,2.0,2.0,136.1,33.6,289.0,7.8
756,14.91,60,1.9,1.9,134.9,34.0,310.0,7.7
756,15.34,59,2.5,2.5,134.9,33.8,297.0,7.7
756,15.60,59,2.1,2.1,134.6,34.0,306.0,7.7
756,15.72,58,2.0,2.0,134.4,33.9,304.0,7.7
756,15.80,58,1.7,1.7,134.6,34.0,300.0,7.7
755,15.51,59,1.9,1.9,135.3,33.4,301.0,7.8
755,15.68,59,1.1,1.1,133.9,34.1,299.0,7.8
755,15.73,60,1.4,1.4,135.3,33.7,298.0,7.8
755,14.91,63,1.5,1.5,137.9,32.6,288.0,7.8
755,14.94,64,1.3,1.3,139.1,32.1,313.0,7.8
755,15.30,63,1.0,1.0,138.4,32.8,301.0,7.9
755,15.17,63,0.8,0.8,137.8,33.1,302.0,7.9
755,15.05,63,0.9,1.0,137.7,32.3,295.0,7.8
755,15.09,63,0.7,0.7,137.2,32.6,297.0,7.8
755,15.53,61,0.9,0.9,136.8,33.3,306.0,7.9
755,15.69,63,1.5,1.5,141.1,31.8,313.0,7.9
755,15.26,64,0.4,0.4,141.5,31.9,312.0,7.9
755,15.23,64,1.5,1.5,150.3,31.1,302.0,8.1
755,14.98,65,1.6,1.6,141.6,31.3,314.0,7.8
755,14.98,65,1.9,1.9,146.2,31.4,305.0,8.0
755,14.98,66,4.1,4.1,158.2,30.4,324.0,8.3
755,15.26,65,5.6,5.6,155.4,30.7,321.0,8.2
755,15.78,63,4.9,4.9,161.4,30.2,312.0,8.4
755,15.94,66,34.8,35.0,192.0,27.4,333.0,9.0
755,16.63,62,3.5,3.6,217.2,26.5,330.0,9.6
755,17.12,62,8.1,8.2,171.5,28.3,327.0,8.6
755,17.22,59,4.3,4.3,188.7,27.9,304.0,9.0
756,17.84,56,19.4,19.5,152.6,31.2,328.0,8.2
756,18.88,53,4.9,5.0,182.0,29.1,324.0,8.9
756,19.80,50,9.3,9.3,208.3,28.1,332.0,9.5
756,20.80,49,10.6,14.3,228.8,25.1,336.0,9.9
756,19.86,51,14.1,14.1,178.6,30.2,330.0,9.1
756,19.57,57,11.9,12.0,165.5,28.8,323.0,8.5
756,19.06,56,33.3,33.5,197.2,26.7,328.0,9.2
756,19.59,54,8.7,8.8,180.3,29.1,328.0,8.9
756,20.81,50,9.0,9.1,187.1,28.7,352.0,9.1
756,20.76,48,2.4,2.4,164.4,31.7,315.0,8.5
756,21.05,48,10.0,10.1,154.3,31.5,316.0,8.4
756,20.91,48,5.7,5.8,191.4,29.2,327.0,9.2
756,21.60,47,3.0,3.0,164.7,30.3,323.0,8.7
756,21.62,46,12.8,12.9,190.8,29.3,325.0,9.3
756,21.50,45,2.2,2.2,164.7,31.2,322.0,8.8
756,22.29,44,11.2,11.3,159.6,29.9,321.0,8.5
756,23.31,41,3.1,3.1,162.7,30.7,306.0,8.5
755,22.26,42,1.9,1.9,154.1,32.4,301.0,8.5
755,23.04,41,8.4,8.4,165.7,31.0,306.0,8.7
755,22.99,41,26.0,26.1,148.4,33.1,327.0,8.3
755,23.92,39,3.2,3.2,168.0,31.4,334.0,8.8
755,24.48,38,2.9,2.9,157.5,32.3,326.0,8.6
755,24.08,39,2.2,2.2,165.9,30.4,323.0,8.7
755,22.30,44,2.8,2.8,156.1,31.9,284.0,8.4
755,21.86,47,10.4,10.4,172.8,29.6,313.0,8.8
754,22.51,44,3.9,3.9,183.3,29.6,307.0,8.9
754,22.98,42,2.7,2.7,175.8,29.9,253.0,8.9
754,22.68,42,4.4,4.4,156.4,32.1,306.0,8.5
754,24.58,38,6.4,6.5,176.7,30.0,337.0,9.0
754,23.46,39,7.1,7.2,160.6,31.3,399.0,8.6
754,23.10,40,2.0,2.0,158.7,32.0,346.0,8.5
753,22.98,41,3.9,3.9,162.1,32.2,292.0,8.6
753,23.04,40,2.2,2.3,164.0,31.8,312.0,8.7
753,22.54,41,4.6,4.6,156.0,32.4,319.0,8.5
753,22.06,43,3.4,3.4,180.7,30.0,328.0,9.1
753,21.88,43,2.7,2.7,156.3,31.9,341.0,8.5
754,22.14,41,11.6,11.6,180.5,30.1,325.0,9.1
753,21.53,42,3.1,3.1,160.7,32.3,316.0,8.6
753,20.93,44,3.6,3.6,167.2,31.2,319.0,8.7
753,21.24,43,2.0,2.0,156.7,32.7,307.0,8.4
754,20.49,46,10.5,10.6,184.3,29.8,330.0,9.0
754,19.77,47,7.3,7.3,160.2,31.9,320.0,8.6
754,19.60,47,6.7,6.7,170.0,30.6,342.0,8.8
754,19.21,48,9.0,9.0,183.7,30.1,333.0,9.1
754,18.86,49,3.7,3.7,199.4,28.8,326.0,9.6
754,18.68,48,4.2,4.2,161.7,31.8,323.0,8.6
754,18.70,48,9.5,9.5,200.7,28.9,343.0,9.5
754,18.23,50,3.7,3.7,163.5,31.3,334.0,8.5
754,18.31,50,4.1,4.1,183.5,29.6,352.0,9.2
755,18.05,51,8.4,8.5,176.2,30.7,329.0,8.8
755,17.93,51,9.2,9.3,162.3,32.2,337.0,8.5
755,17.67,52,4.6,4.7,156.5,32.2,301.0,8.5
755,17.55,52,3.9,3.9,151.5,32.9,287.0,8.3
755,17.63,51,3.1,3.1,146.6,33.9,301.0,8.1
755,16.98,53,3.2,3.2,151.1,32.6,296.0,8.3
755,17.62,52,3.4,3.4,144.4,33.7,318.0,8.1
755,17.74,52,1.3,1.3,154.3,32.6,306.0,8.3
755,17.84,52,4.4,4.4,149.9,32.8,310.0,8.1
755,17.70,52,1.3,1.3,142.3,33.0,303.0,8.0
755,17.85,52,1.8,1.8,155.7,32.4,320.0,8.3
755,17.87,51,1.0,1.0,148.1,33.5,305.0,8.2
755,17.70,51,0.9,0.9,143.6,33.6,297.0,8.0
755,17.61,52,0.9,0.9,138.2,34.4,327.0,7.9
755,17.39,52,0.9,0.9,144.0,33.7,303.0,8.0
755,17.32,52,0.7,0.7,133.0,35.0,297.0,7.7
755,17.02,53,0.6,0.6,139.0,34.7,273.0,7.8
755,17.04,53,0.6,0.6,136.5,34.6,285.0,7.8
755,17.10,53,1.4,1.4,132.4,35.1,295.0,7.7
755,17.14,52,0.6,0.6,136.3,35.2,291.0,7.8
755,17.35,51,0.9,0.9,136.1,34.4,294.0,7.9
755,17.46,51,0.4,0.4,133.5,35.3,302.0,7.8
754,17.26,52,0.6,0.6,132.3,35.0,296.0,7.7
754,17.28,52,0.7,0.7,131.6,35.0,296.0,7.7
754,17.14,54,0.7,0.7,133.8,33.6,298.0,7.8
754,16.59,56,3.2,3.2,137.7,32.9,291.0,7.8
754,16.87,54,0.7,0.7,132.2,35.0,296.0,7.7
754,16.89,53,0.6,0.6,134.0,34.9,304.0,7.8
754,16.73,54,0.5,0.5,132.2,35.0,302.0,7.7
753,16.82,53,0.8,0.8,131.0,35.5,298.0,7.7
753,16.62,53,3.1,3.1,131.1,35.4,314.0,7.7
753,16.56,54,0.9,0.9,130.9,35.7,306.0,7.7
753,16.40,54,1.3,1.3,133.0,35.5,297.0,7.7
753,16.69,53,0.6,0.6,131.4,36.4,307.0,7.6
753,16.59,53,0.7,0.7,132.4,35.2,310.0,7.7
753,16.36,54,0.9,0.9,132.5,35.6,309.0,7.7
753,16.46,54,0.9,0.9,133.4,35.2,307.0,7.7
754,16.71,54,0.4,0.5,133.1,35.2,306.0,7.7
754,16.73,54,1.0,1.0,134.4,35.9,310.0,7.8
754,16.52,55,1.4,1.4,142.3,34.1,302.0,8.0
754,16.49,56,2.1,2.1,145.4,33.7,313.0,8.1
754,16.54,56,2.0,2.0,142.9,34.0,313.0,8.0
754,16.78,55,2.1,2.1,157.0,33.6,311.0,8.4
754,16.73,56,14.8,14.8,174.7,31.2,317.0,8.7
754,16.82,57,3.2,3.2,198.6,29.4,319.0,9.2
754,17.04,56,46.2,46.5,215.9,28.7,334.0,9.6
754,17.64,55,15.0,15.1,169.8,31.5,328.0,8.5
754,18.09,53,5.1,5.1,180.9,30.5,330.0,9.2
754,18.56,52,8.0,8.0,191.2,29.2,332.0,9.2
754,19.09,50,5.4,5.5,183.1,30.9,359.0,9.0
754,19.00,50,4.1,4.1,174.0,30.7,339.0,8.9
755,18.70,50,3.7,3.7,155.2,32.7,337.0,8.3
754,19.18,49,6.6,6.7,167.4,32.0,332.0,8.6
754,20.94,45,3.1,3.1,158.9,31.9,324.0,8.5
754,20.95,45,5.0,5.0,159.4,31.8,328.0,8.5
754,21.71,43,1.9,2.0,154.4,33.0,326.0,8.3
754,19.67,51,4.9,4.9,149.2,37.3,314.0,8.6
754,19.86,51,6.4,6.4,158.9,34.5,340.0,8.9
754,19.49,51,4.1,4.2,146.4,35.4,323.0,8.4
754,21.39,46,3.0,3.0,169.0,33.1,329.0,9.0
754,22.78,43,2.4,2.4,168.4,32.9,323.0,9.1
754,22.63,43,3.0,3.0,150.1,36.6,311.0,8.6
754,22.95,43,9.1,9.2,173.1,33.4,315.0,9.3
754,23.56,42,11.8,11.9,153.4,34.5,362.0,8.7
754,23.22,43,3.9,3.9,155.3,34.0,347.0,8.7
754,23.02,43,6.5,6.5,154.6,34.1,328.0,8.7
754,23.33,44,8.3,8.3,172.3,31.8,334.0,9.1
754,22.85,44,4.3,4.3,155.2,33.2,327.0,8.6
754,22.95,44,7.1,7.2,175.4,31.9,305.0,9.1
754,22.61,44,5.8,5.8,180.3,30.5,318.0,9.3
754,22.53,46,2.9,2.9,162.0,32.3,324.0,9.0
753,23.31,45,6.6,6.7,158.8,32.4,336.0,8.7
753,23.31,43,7.2,7.2,153.5,33.9,324.0,8.6
753,22.79,44,2.1,2.1,151.4,34.2,317.0,8.6
753,23.48,43,7.6,7.6,163.1,31.7,325.0,8.9
752,23.50,42,3.3,3.3,199.3,29.4,326.0,10.6
752,24.20,41,3.0,3.0,155.3,33.1,337.0,8.7
752,23.86,43,7.1,7.2,169.1,30.1,336.0,9.0
752,23.00,45,2.0,2.0,188.4,29.8,341.0,9.4
752,22.50,45,2.7,2.8,156.6,34.1,326.0,8.6
752,23.15,44,4.5,4.6,175.3,31.4,339.0,9.2
751,22.63,45,11.7,11.8,169.3,31.2,317.0,8.9
751,22.57,45,3.8,3.8,198.3,28.9,324.0,9.7
752,22.62,45,8.5,8.5,152.5,33.0,325.0,8.6
752,22.18,47,1.1,1.1,172.5,31.4,313.0,9.0
752,21.95,47,4.4,4.5,163.7,31.7,321.0,8.9
752,22.19,46,7.4,7.5,176.9,30.6,325.0,9.1
752,21.52,48,3.3,3.3,223.4,27.1,360.0,10.1
752,21.05,48,5.0,5.0,196.7,28.1,342.0,9.8
752,21.06,48,10.7,10.7,207.2,27.9,345.0,9.8
752,20.74,49,5.6,5.6,205.0,28.8,336.0,9.8
752,20.22,51,14.5,14.5,190.8,28.6,336.0,9.5
753,20.08,51,11.3,11.3,174.8,30.5,356.0,9.1
753,19.82,51,13.0,13.1,235.4,27.6,338.0,10.4
753,19.75,50,4.6,4.6,166.8,31.6,332.0,8.8
753,19.48,52,5.9,5.9,177.4,31.3,307.0,9.0
753,19.46,52,5.3,5.3,162.4,31.5,321.0,8.6
754,19.44,52,51.0,51.3,197.2,29.5,328.0,9.3
754,19.01,53,32.9,33.1,159.7,31.3,317.0,8.7
754,19.03,54,7.9,7.9,174.6,30.3,320.0,9.1
754,19.01,52,2.6,2.6,153.0,33.0,323.0,8.4
754,18.63,52,1.3,1.3,152.0,32.8,322.0,8.5
754,19.00,52,12.4,12.5,154.6,32.7,312.0,8.5
754,18.97,52,2.9,3.0,148.1,33.5,332.0,8.3
754,18.63,53,1.1,1.1,152.3,32.9,308.0,8.3
754,18.54,56,1.7,1.7,142.4,33.2,309.0,8.2
755,18.51,56,1.2,1.2,140.0,32.5,307.0,8.1
755,18.35,56,0.9,0.9,139.8,33.0,310.0,8.1
755,18.41,54,0.7,0.7,147.0,33.0,305.0,8.3
755,18.15,56,0.7,0.7,136.1,34.0,308.0,8.0
755,17.95,56,2.5,2.5,155.8,33.1,302.0,8.5
755,17.99,57,0.9,1.0,147.6,32.8,315.0,8.3
755,17.99,56,0.7,0.7,135.2,33.9,309.0,8.0
755,17.55,57,1.8,1.8,153.5,31.9,309.0,8.4
755,17.27,58,1.4,1.4,143.9,32.9,309.0,8.1
754,17.15,58,1.4,1.5,148.6,33.0,306.0,8.3
754,17.49,57,5.3,5.3,148.8,33.5,310.0,8.2
754,17.61,56,1.0,1.0,136.1,34.9,301.0,8.0
754,17.77,57,0.8,0.8,135.1,34.9,298.0,8.0
754,17.74,58,0.6,0.6,138.8,32.8,303.0,8.1
754,17.86,57,0.5,0.5,134.0,34.6,305.0,8.0
754,17.70,58,1.1,1.1,139.3,33.0,313.0,8.0
753,17.59,58,1.1,1.2,136.9,32.7,311.0,8.0
753,17.60,57,0.8,0.8,133.8,34.6,302.0,8.0
753,17.68,58,1.0,1.0,137.9,33.9,306.0,8.1
753,17.49,59,1.0,1.0,138.0,32.5,300.0,8.0
753,17.61,59,7.4,7.4,137.0,33.4,300.0,8.1
753,17.23,60,0.9,0.9,138.5,32.3,319.0,8.0
753,16.72,62,0.4,0.4,138.7,31.6,305.0,8.0
753,16.74,63,1.8,1.8,140.2,31.7,303.0,8.0
753,17.07,62,0.7,0.7,139.1,32.1,312.0,8.0
753,16.89,62,4.9,4.9,138.8,32.6,328.0,8.0
753,16.61,63,1.1,1.1,140.7,31.6,322.0,8.0
753,16.72,63,0.8,0.8,143.0,31.7,307.0,8.1
753,16.67,63,1.0,1.0,139.8,32.1,315.0,8.0
753,16.75,62,2.3,2.3,141.3,31.8,326.0,8.0
753,16.56,63,2.9,3.0,144.6,31.6,325.0,8.1
753,16.70,62,2.9,3.0,152.3,30.5,323.0,8.3
753,16.43,63,4.4,4.4,155.5,30.7,334.0,8.4
753,16.67,63,6.1,6.1,181.0,28.8,332.0,8.9
753,16.70,62,3.8,3.9,156.8,32.3,341.0,8.4
753,17.46,61,8.4,8.5,197.9,28.5,341.0,9.3
754,17.65,59,39.4,39.6,192.7,29.2,344.0,9.2
754,18.80,55,17.5,17.7,205.9,29.6,331.0,9.5
754,19.19,54,8.1,8.2,161.2,32.9,317.0,8.6
754,20.63,50,10.3,10.4,203.1,29.8,354.0,9.5
754,22.87,44,2.9,2.9,156.0,32.8,421.0,8.6
754,22.34,45,16.4,16.5,164.7,31.4,330.0,8.9
754,22.13,47,6.8,6.8,214.2,26.7,336.0,9.6
754,21.22,50,8.2,8.3,168.9,30.8,345.0,8.7
754,21.74,49,13.8,13.9,159.8,30.6,319.0,8.6
755,21.93,53,2.9,2.9,173.9,26.2,313.0,8.9
755,21.90,50,12.9,12.9,169.1,30.4,316.0,8.7
755,21.94,50,5.2,5.2,179.8,29.0,289.0,9.0
755,22.23,50,12.3,12.3,202.3,27.2,348.0,10.8
755,21.51,56,4.1,4.1,182.9,28.0,319.0,9.1
755,21.64,56,2.8,2.8,191.7,26.8,322.0,9.2
754,22.49,50,2.2,2.2,159.0,31.1,318.0,8.6
754,22.34,51,2.8,2.8,185.2,28.3,310.0,9.1
754,22.33,54,5.0,5.1,162.9,31.0,289.0,8.7
754,22.53,54,4.2,4.3,185.1,28.3,299.0,9.1
754,21.27,62,5.7,5.7,239.6,23.0,311.0,9.8
754,22.10,59,4.9,4.9,236.7,23.8,331.0,9.9
754,21.90,57,5.1,5.2,194.8,27.1,287.0,10.4
754,21.17,58,7.6,7.6,180.1,27.7,307.0,9.0
754,20.66,61,4.5,4.5,166.6,28.9,280.0,8.7
754,20.84,59,5.2,5.3,187.3,26.9,305.0,9.1
753,20.55,60,5.7,5.7,184.7,26.3,306.0,9.2
753,21.11,60,3.6,3.6,181.2,27.3,317.0,9.0
753,20.75,60,6.3,6.3,176.2,28.3,274.0,8.9
753,21.01,58,4.2,4.2,191.8,27.2,310.0,9.1
753,21.55,55,2.9,3.0,170.5,28.9,286.0,8.8
752,21.35,54,5.5,5.5,179.1,29.2,318.0,8.9
752,21.78,53,5.1,5.1,159.0,30.6,329.0,8.6
752,21.16,54,2.8,2.8,167.2,29.9,295.0,8.7
752,20.40,56,10.4,10.5,170.3,29.2,342.0,8.8
752,20.28,61,27.3,27.5,188.5,27.5,310.0,9.0
752,21.57,56,5.6,5.7,179.7,27.5,338.0,9.0
752,21.04,52,7.0,7.0,177.5,31.1,250.0,8.9
752,20.69,54,4.7,4.7,160.9,30.1,316.0,8.6
752,21.00,52,2.4,2.4,161.0,32.0,326.0,8.6
752,20.39,54,7.2,7.3,161.7,31.5,303.0,8.6
753,19.32,60,6.9,7.0,215.6,26.3,326.0,9.8
753,19.16,57,2.1,2.1,170.3,30.4,305.0,8.8
753,18.77,58,5.3,5.3,164.4,30.7,330.0,8.6
753,18.48,57,1.5,1.5,162.0,31.6,264.0,8.7
753,18.47,57,2.8,2.8,157.5,32.5,302.0,8.4
753,18.39,58,11.5,11.6,195.7,28.4,335.0,9.4
754,18.27,58,15.0,15.0,173.0,31.7,321.0,8.9
754,18.17,58,5.6,5.7,164.0,31.2,319.0,8.6
754,18.17,59,9.1,9.2,192.8,29.2,329.0,9.2
754,18.31,57,7.5,7.6,207.5,28.8,316.0,9.8
754,18.51,56,11.4,11.5,217.4,28.5,341.0,9.7
754,18.20,57,26.4,26.5,171.0,30.5,319.0,8.8
754,18.40,58,11.7,11.8,190.5,29.3,325.0,9.2
755,18.12,58,12.4,12.4,170.7,31.0,323.0,8.8
755,18.12,59,5.7,5.7,197.1,28.0,313.0,9.2
755,18.19,59,6.0,6.1,190.0,29.2,314.0,9.2
755,18.01,60,5.6,5.6,166.7,30.9,314.0,8.7
755,18.10,59,2.8,2.9,183.8,29.5,290.0,8.9
755,17.86,59,3.9,3.9,214.1,27.0,322.0,9.7
755,17.37,60,5.1,5.1,176.5,29.1,321.0,9.0
755,17.63,56,2.7,2.7,146.9,33.3,313.0,8.1
755,17.59,56,1.7,1.8,175.1,30.5,316.0,8.9
755,17.47,56,2.0,2.0,148.1,32.8,318.0,8.2
755,17.72,56,1.6,1.6,150.0,33.1,334.0,8.2
755,17.68,55,3.7,3.7,151.3,32.8,318.0,8.3
755,17.82,56,3.8,3.8,156.1,32.7,307.0,8.4
755,17.43,57,2.3,2.3,150.1,32.0,323.0,8.2
755,17.52,58,2.7,2.7,153.8,32.3,313.0,8.3
754,17.32,59,0.8,0.8,145.3,33.7,295.0,8.2
754,17.21,59,0.9,0.9,138.9,33.1,319.0,7.9
754,16.86,62,0.4,0.4,145.4,31.8,309.0,8.1
754,17.07,61,0.8,0.8,141.7,32.7,321.0,8.0
754,17.19,61,4.3,4.3,148.1,31.3,315.0,8.2
754,17.30,61,0.5,0.5,143.8,32.2,313.0,8.1
754,16.80,63,1.1,1.1,144.5,31.3,299.0,8.1
754,16.93,63,0.6,0.7,150.5,30.7,316.0,8.2
754,17.13,62,1.2,1.2,140.0,33.1,320.0,8.0
754,17.20,62,0.9,0.9,140.8,32.4,316.0,8.0
754,17.24,62,0.5,0.5,141.3,31.9,310.0,8.1
753,17.16,62,0.5,0.5,144.6,31.6,305.0,8.1
753,16.95,63,3.3,3.4,141.3,31.9,303.0,8.1
753,16.99,63,2.7,2.7,140.3,31.8,309.0,8.0
753,16.95,63,0.6,0.6,140.6,31.9,300.0,8.1
753,16.61,63,0.4,0.4,138.7,32.7,307.0,8.0
753,16.80,62,0.5,0.5,140.2,32.8,288.0,8.0
753,16.95,60,0.8,0.8,135.5,34.1,322.0,7.9
753,16.95,60,1.5,1.5,140.3,33.2,315.0,8.0
753,17.07,60,0.6,0.6,137.2,33.0,321.0,7.9
753,17.00,60,0.5,0.5,137.5,33.4,314.0,8.0
753,17.09,61,1.2,1.2,139.7,32.9,319.0,8.0
753,17.12,60,2.1,2.1,144.7,32.5,324.0,8.1
754,17.20,61,4.3,4.3,147.7,32.1,320.0,8.2
754,17.42,59,3.0,3.0,153.0,31.9,328.0,8.3
754,17.45,60,5.6,5.7,158.8,31.0,335.0,8.5
754,17.72,58,12.0,12.0,174.2,30.1,334.0,8.8
754,17.80,58,5.8,5.8,189.0,30.5,337.0,9.2
754,17.96,56,7.0,7.1,178.1,31.0,336.0,8.9
755,18.80,55,41.4,41.7,229.3,27.9,344.0,9.8
755,19.30,53,19.8,20.0,187.1,30.5,345.0,9.1
755,20.13,51,21.4,21.5,177.6,31.4,329.0,8.9
755,20.76,50,4.9,5.0,188.0,30.7,314.0,9.2
755,21.38,47,13.7,13.8,187.7,30.2,356.0,9.2
755,22.67,44,15.6,15.7,142.0,34.7,339.0,8.3
755,22.41,45,5.9,5.9,164.8,32.7,338.0,8.7
755,21.45,46,4.6,4.6,156.0,33.1,309.0,8.5
754,22.65,45,4.0,4.0,150.7,32.7,291.0,8.4
755,23.03,43,13.9,14.0,151.6,33.8,370.0,8.4
755,22.74,44,11.2,11.3,178.3,30.9,376.0,8.7
755,22.45,44,4.4,4.4,167.8,32.3,202.0,8.7
